radius,min energy,# ground states,# states
1.0,-6.063492063492063,2,512
2.0,-15.109727309727312,6,512
3.0,-19.018347111023857,2,512
4.0,-19.80684580348343,8,512
