radius,min energy,# ground states,# states
1.0,-2.5415282392026586,2,64
2.0,-6.705599805599807,2,64
3.0,-8.486708825168352,2,64
4.0,-8.886723516232156,2,64
