radius,min energy,# ground states,# states
1.0,-6.138780986455405,2,512
2.0,-15.723182223182222,2,512
3.0,-19.36985462325682,2,512
4.0,-19.881588415931116,2,512
