radius,min energy,# ground states,# states
1.0,-2.5238095238095237,2,64
2.0,-6.827350427350428,2,64
3.0,-8.585692216689266,2,64
4.0,-8.919601439679875,2,64
